{"train_loss_iter": 0.0001607137091923505, "_timestamp": 1688728843.2602403, "_runtime": 660.5034172534943, "_step": 38, "train_loss_cls": 0.09964507073163986, "train_loss_box_reg": 0.029136892408132553, "train_loss_obj": 0.0004668508190661669, "train_loss_rpn": 0.00023037911159917712, "train_loss_epoch": 0.12947919587095386, "val_map_05_95": 0.012305516265912302, "val_map_05": 0.08628005657708626, "_wandb": {"runtime": 659}}