{"train_loss_iter": 5.829524889122695e-05, "_timestamp": 1688981328.4844515, "_runtime": 590.4552674293518, "_step": 38, "train_loss_cls": 0.0983523428440094, "train_loss_box_reg": 0.02777901291847229, "train_loss_obj": 0.0005587566993199289, "train_loss_rpn": 0.00026084439014084637, "train_loss_epoch": 0.12695095972303533, "val_map_05_95": 0.010218593287900217, "val_map_05": 0.0687925935450688, "_wandb": {"runtime": 590}}